PMP,Importance
`000,0.4812685033226212
`100,0.10646432684937676
`010,0.09392289870940458
`001,0.0932958641168816
`111,0.06924516545848973
`110,0.05250835878574839
`011,0.05250828077127269
`101,0.05078660198620519
